{"cameraMode":{"drawMode":0,"name":"Shaded","section":"Shading Mode"},"sceneLighting":true,"audioPlay":false,"sceneViewState":{"m_AlwaysRefresh":false,"showFog":true,"showSkybox":false,"showFlares":true,"showImageEffects":true,"showParticleSystems":true,"showVisualEffectGraphs":true,"m_FxEnabled":true},"in2DMode":false,"pivot":{"x":318.2954406738281,"y":173.72483825683595,"z":-9.379039764404297},"rotation":{"x":0.022482579573988916,"y":0.04439638555049896,"z":0.0008905500289984047,"w":-0.998900294303894},"size":277.79205322265627,"orthographic":true}